method,variable_1,variable_2,correlation
pearson,Соотношение матрица-наполнитель,"Плотность, кг/м3",0.007949938679
pearson,Соотношение матрица-наполнитель,"модуль упругости, ГПа",0.05159891441
pearson,Соотношение матрица-наполнитель,"Количество отвердителя, м.%",0.009776484847
pearson,Соотношение матрица-наполнитель,"Содержание эпоксидных групп,%_2",-0.01939960723
pearson,Соотношение матрица-наполнитель,"Температура вспышки, С_2",0.003940998265
pearson,Соотношение матрица-наполнитель,"Поверхностная плотность, г/м2",-0.02291911457
pearson,Соотношение матрица-наполнитель,"Модуль упругости при растяжении, ГПа",-0.02001941686
pearson,Соотношение матрица-наполнитель,"Прочность при растяжении, МПа",0.03511722173
pearson,Соотношение матрица-наполнитель,"Потребление смолы, г/м2",0.07753194086
pearson,Соотношение матрица-наполнитель,"Угол нашивки, град",-0.003848501265
pearson,Соотношение матрица-наполнитель,Шаг нашивки,0.06392501596
pearson,Соотношение матрица-наполнитель,Плотность нашивки,0.009827596746
pearson,"Плотность, кг/м3","модуль упругости, ГПа",-0.03109413745
pearson,"Плотность, кг/м3","Количество отвердителя, м.%",-0.02961805394
pearson,"Плотность, кг/м3","Содержание эпоксидных групп,%_2",0.01822460331
pearson,"Плотность, кг/м3","Температура вспышки, С_2",-0.04722388026
pearson,"Плотность, кг/м3","Поверхностная плотность, г/м2",0.01270598436
pearson,"Плотность, кг/м3","Модуль упругости при растяжении, ГПа",-0.01970402858
pearson,"Плотность, кг/м3","Прочность при растяжении, МПа",-0.05827815305
pearson,"Плотность, кг/м3","Потребление смолы, г/м2",-0.03209080885
pearson,"Плотность, кг/м3","Угол нашивки, град",-0.06451338379
pearson,"Плотность, кг/м3",Шаг нашивки,-0.04575506609
pearson,"Плотность, кг/м3",Плотность нашивки,0.07778585626
pearson,"модуль упругости, ГПа","Количество отвердителя, м.%",0.002985897414
pearson,"модуль упругости, ГПа","Содержание эпоксидных групп,%_2",-0.02187295623
pearson,"модуль упругости, ГПа","Температура вспышки, С_2",0.01459611958
pearson,"модуль упругости, ГПа","Поверхностная плотность, г/м2",0.06092421372
pearson,"модуль упругости, ГПа","Модуль упругости при растяжении, ГПа",0.01694099104
pearson,"модуль упругости, ГПа","Прочность при растяжении, МПа",0.05295984252
pearson,"модуль упругости, ГПа","Потребление смолы, г/м2",0.007278592975
pearson,"модуль упругости, ГПа","Угол нашивки, град",-0.04446797914
pearson,"модуль упругости, ГПа",Шаг нашивки,-0.01718160984
pearson,"модуль упругости, ГПа",Плотность нашивки,0.04919117205
pearson,"Количество отвердителя, м.%","Содержание эпоксидных групп,%_2",-0.004609558016
pearson,"Количество отвердителя, м.%","Температура вспышки, С_2",0.1168448668
pearson,"Количество отвердителя, м.%","Поверхностная плотность, г/м2",0.06382799783
pearson,"Количество отвердителя, м.%","Модуль упругости при растяжении, ГПа",-0.08202725093
pearson,"Количество отвердителя, м.%","Прочность при растяжении, МПа",-0.07434752662
pearson,"Количество отвердителя, м.%","Потребление смолы, г/м2",-0.0107531897
pearson,"Количество отвердителя, м.%","Угол нашивки, град",0.04060525599
pearson,"Количество отвердителя, м.%",Шаг нашивки,0.04128931643
pearson,"Количество отвердителя, м.%",Плотность нашивки,-0.02769977742
pearson,"Содержание эпоксидных групп,%_2","Температура вспышки, С_2",0.01315479174
pearson,"Содержание эпоксидных групп,%_2","Поверхностная плотность, г/м2",-0.003348248141
pearson,"Содержание эпоксидных групп,%_2","Модуль упругости при растяжении, ГПа",0.05287439339
pearson,"Содержание эпоксидных групп,%_2","Прочность при растяжении, МПа",-0.01313385657
pearson,"Содержание эпоксидных групп,%_2","Потребление смолы, г/м2",0.02536949955
pearson,"Содержание эпоксидных групп,%_2","Угол нашивки, град",0.02293022472
pearson,"Содержание эпоксидных групп,%_2",Шаг нашивки,-0.00870296946
pearson,"Содержание эпоксидных групп,%_2",Плотность нашивки,-0.03688089752
pearson,"Температура вспышки, С_2","Поверхностная плотность, г/м2",0.01914457102
pearson,"Температура вспышки, С_2","Модуль упругости при растяжении, ГПа",0.05573985614
pearson,"Температура вспышки, С_2","Прочность при растяжении, МПа",-0.03815938192
pearson,"Температура вспышки, С_2","Потребление смолы, г/м2",0.05005176587
pearson,"Температура вспышки, С_2","Угол нашивки, град",0.02445112055
pearson,"Температура вспышки, С_2",Шаг нашивки,0.007122380031
pearson,"Температура вспышки, С_2",Плотность нашивки,0.004890768572
pearson,"Поверхностная плотность, г/м2","Модуль упругости при растяжении, ГПа",0.01465691371
pearson,"Поверхностная плотность, г/м2","Прочность при растяжении, МПа",0.02455313558
pearson,"Поверхностная плотность, г/м2","Потребление смолы, г/м2",0.004925544393
pearson,"Поверхностная плотность, г/м2","Угол нашивки, град",0.06496229818
pearson,"Поверхностная плотность, г/м2",Шаг нашивки,0.01523479173
pearson,"Поверхностная плотность, г/м2",Плотность нашивки,-0.05273027065
pearson,"Модуль упругости при растяжении, ГПа","Прочность при растяжении, МПа",-0.01570007481
pearson,"Модуль упругости при растяжении, ГПа","Потребление смолы, г/м2",0.04389398923
pearson,"Модуль упругости при растяжении, ГПа","Угол нашивки, град",0.02610285135
pearson,"Модуль упругости при растяжении, ГПа",Шаг нашивки,-0.05982301173
pearson,"Модуль упругости при растяжении, ГПа",Плотность нашивки,0.007561145624
pearson,"Прочность при растяжении, МПа","Потребление смолы, г/м2",0.0462876701
pearson,"Прочность при растяжении, МПа","Угол нашивки, град",0.005218705621
pearson,"Прочность при растяжении, МПа",Шаг нашивки,-0.04198159177
pearson,"Прочность при растяжении, МПа",Плотность нашивки,0.05765457893
pearson,"Потребление смолы, г/м2","Угол нашивки, град",0.01485438877
pearson,"Потребление смолы, г/м2",Шаг нашивки,-0.008888370831
pearson,"Потребление смолы, г/м2",Плотность нашивки,0.04706347328
pearson,"Угол нашивки, град",Шаг нашивки,-0.03125267386
pearson,"Угол нашивки, град",Плотность нашивки,0.1190618657
pearson,Шаг нашивки,Плотность нашивки,0.009428955924
spearman,Соотношение матрица-наполнитель,"Плотность, кг/м3",-0.004095211192
spearman,Соотношение матрица-наполнитель,"модуль упругости, ГПа",0.06124627876
spearman,Соотношение матрица-наполнитель,"Количество отвердителя, м.%",0.02332886668
spearman,Соотношение матрица-наполнитель,"Содержание эпоксидных групп,%_2",-0.02870470732
spearman,Соотношение матрица-наполнитель,"Температура вспышки, С_2",-0.007343805938
spearman,Соотношение матрица-наполнитель,"Поверхностная плотность, г/м2",-0.007716537217
spearman,Соотношение матрица-наполнитель,"Модуль упругости при растяжении, ГПа",-0.01477382118
spearman,Соотношение матрица-наполнитель,"Прочность при растяжении, МПа",0.03531685618
spearman,Соотношение матрица-наполнитель,"Потребление смолы, г/м2",0.05600931256
spearman,Соотношение матрица-наполнитель,"Угол нашивки, град",0.007980345511
spearman,Соотношение матрица-наполнитель,Шаг нашивки,0.0669668793
spearman,Соотношение матрица-наполнитель,Плотность нашивки,0.01934758859
spearman,"Плотность, кг/м3","модуль упругости, ГПа",-0.02629175453
spearman,"Плотность, кг/м3","Количество отвердителя, м.%",-0.01934663561
spearman,"Плотность, кг/м3","Содержание эпоксидных групп,%_2",0.007470039135
spearman,"Плотность, кг/м3","Температура вспышки, С_2",-0.05523588785
spearman,"Плотность, кг/м3","Поверхностная плотность, г/м2",0.01799618004
spearman,"Плотность, кг/м3","Модуль упругости при растяжении, ГПа",-0.02768199413
spearman,"Плотность, кг/м3","Прочность при растяжении, МПа",-0.04905233788
spearman,"Плотность, кг/м3","Потребление смолы, г/м2",-0.04113803545
spearman,"Плотность, кг/м3","Угол нашивки, град",-0.06299810895
spearman,"Плотность, кг/м3",Шаг нашивки,-0.03988657782
spearman,"Плотность, кг/м3",Плотность нашивки,0.07399647889
spearman,"модуль упругости, ГПа","Количество отвердителя, м.%",0.01534047053
spearman,"модуль упругости, ГПа","Содержание эпоксидных групп,%_2",-0.006926596392
spearman,"модуль упругости, ГПа","Температура вспышки, С_2",0.01785258128
spearman,"модуль упругости, ГПа","Поверхностная плотность, г/м2",0.0646740157
spearman,"модуль упругости, ГПа","Модуль упругости при растяжении, ГПа",-0.005756643512
spearman,"модуль упругости, ГПа","Прочность при растяжении, МПа",0.04314045873
spearman,"модуль упругости, ГПа","Потребление смолы, г/м2",0.01103889
spearman,"модуль упругости, ГПа","Угол нашивки, град",-0.06303188864
spearman,"модуль упругости, ГПа",Шаг нашивки,-0.01696248942
spearman,"модуль упругости, ГПа",Плотность нашивки,0.07137955243
spearman,"Количество отвердителя, м.%","Содержание эпоксидных групп,%_2",-0.0146933045
spearman,"Количество отвердителя, м.%","Температура вспышки, С_2",0.1058891923
spearman,"Количество отвердителя, м.%","Поверхностная плотность, г/м2",0.06466827264
spearman,"Количество отвердителя, м.%","Модуль упругости при растяжении, ГПа",-0.08065236267
spearman,"Количество отвердителя, м.%","Прочность при растяжении, МПа",-0.06618937444
spearman,"Количество отвердителя, м.%","Потребление смолы, г/м2",-0.01937145111
spearman,"Количество отвердителя, м.%","Угол нашивки, град",0.02985369665
spearman,"Количество отвердителя, м.%",Шаг нашивки,0.03523330399
spearman,"Количество отвердителя, м.%",Плотность нашивки,-0.02799166754
spearman,"Содержание эпоксидных групп,%_2","Температура вспышки, С_2",0.01413050305
spearman,"Содержание эпоксидных групп,%_2","Поверхностная плотность, г/м2",0.003623863719
spearman,"Содержание эпоксидных групп,%_2","Модуль упругости при растяжении, ГПа",0.05399915901
spearman,"Содержание эпоксидных групп,%_2","Прочность при растяжении, МПа",-0.005177739787
spearman,"Содержание эпоксидных групп,%_2","Потребление смолы, г/м2",0.02404735202
spearman,"Содержание эпоксидных групп,%_2","Угол нашивки, град",0.02226526776
spearman,"Содержание эпоксидных групп,%_2",Шаг нашивки,-0.01577423739
spearman,"Содержание эпоксидных групп,%_2",Плотность нашивки,-0.03044736698
spearman,"Температура вспышки, С_2","Поверхностная плотность, г/м2",0.02488493433
spearman,"Температура вспышки, С_2","Модуль упругости при растяжении, ГПа",0.05236180344
spearman,"Температура вспышки, С_2","Прочность при растяжении, МПа",-0.03352281535
spearman,"Температура вспышки, С_2","Потребление смолы, г/м2",0.04164530297
spearman,"Температура вспышки, С_2","Угол нашивки, град",0.02945502342
spearman,"Температура вспышки, С_2",Шаг нашивки,0.02317143878
spearman,"Температура вспышки, С_2",Плотность нашивки,0.01057439917
spearman,"Поверхностная плотность, г/м2","Модуль упругости при растяжении, ГПа",0.01753847347
spearman,"Поверхностная плотность, г/м2","Прочность при растяжении, МПа",0.02095297265
spearman,"Поверхностная плотность, г/м2","Потребление смолы, г/м2",-0.01910554853
spearman,"Поверхностная плотность, г/м2","Угол нашивки, град",0.07343813749
spearman,"Поверхностная плотность, г/м2",Шаг нашивки,0.01626854203
spearman,"Поверхностная плотность, г/м2",Плотность нашивки,-0.03910726615
spearman,"Модуль упругости при растяжении, ГПа","Прочность при растяжении, МПа",-0.02056583218
spearman,"Модуль упругости при растяжении, ГПа","Потребление смолы, г/м2",0.04139688623
spearman,"Модуль упругости при растяжении, ГПа","Угол нашивки, град",0.02856978702
spearman,"Модуль упругости при растяжении, ГПа",Шаг нашивки,-0.02308960104
spearman,"Модуль упругости при растяжении, ГПа",Плотность нашивки,-0.005112829949
spearman,"Прочность при растяжении, МПа","Потребление смолы, г/м2",0.03513773635
spearman,"Прочность при растяжении, МПа","Угол нашивки, град",-0.003257009778
spearman,"Прочность при растяжении, МПа",Шаг нашивки,-0.05414847568
spearman,"Прочность при растяжении, МПа",Плотность нашивки,0.05232669716
spearman,"Потребление смолы, г/м2","Угол нашивки, град",0.01983940582
spearman,"Потребление смолы, г/м2",Шаг нашивки,-0.01197489859
spearman,"Потребление смолы, г/м2",Плотность нашивки,0.03777294441
spearman,"Угол нашивки, град",Шаг нашивки,-0.03321882045
spearman,"Угол нашивки, град",Плотность нашивки,0.1108398249
spearman,Шаг нашивки,Плотность нашивки,0.002010064495
